<?xml version="1.0" encoding="UTF-8"?>
<project version="4">
  <component name="ProjectLevelVcsManager" settingsEditedManually="false">
    <OptionsSetting value="true" id="添加" />
    <OptionsSetting value="true" id="移除" />
    <OptionsSetting value="true" id="签出" />
    <OptionsSetting value="true" id="更新" />
    <OptionsSetting value="true" id="状态" />
    <OptionsSetting value="true" id="编辑" />
    <ConfirmationsSetting value="0" id="添加" />
    <ConfirmationsSetting value="0" id="移除" />
  </component>
  <component name="ProjectRootManager" version="2" project-jdk-name="Python 3.7.0 (D:\py3.70\python.exe)" project-jdk-type="Python SDK" />
</project>