<?xml version="1.0" encoding="UTF-8"?>
<project version="4">
  <component name="ChangeListManager">
    <list default="true" id="a3bf748f-bc19-488f-9a4b-5cac4af14c5b" name="默认的" comment="" />
    <ignored path="Desktop.iws" />
    <ignored path=".idea/workspace.xml" />
    <option name="EXCLUDED_CONVERTED_TO_IGNORED" value="true" />
    <option name="TRACKING_ENABLED" value="true" />
    <option name="SHOW_DIALOG" value="false" />
    <option name="HIGHLIGHT_CONFLICTS" value="true" />
    <option name="HIGHLIGHT_NON_ACTIVE_CHANGELIST" value="false" />
    <option name="LAST_RESOLUTION" value="IGNORE" />
  </component>
  <component name="ChangesViewManager" flattened_view="true" show_ignored="false" />
  <component name="CreatePatchCommitExecutor">
    <option name="PATCH_PATH" value="" />
  </component>
  <component name="ExecutionTargetManager" SELECTED_TARGET="default_target" />
  <component name="FavoritesManager">
    <favorites_list name="Desktop" />
  </component>
  <component name="JsBuildToolGruntFileManager" detection-done="true" />
  <component name="JsBuildToolPackageJson" detection-done="true" />
  <component name="JsGulpfileManager">
    <detection-done>true</detection-done>
  </component>
  <component name="ProjectFrameBounds">
    <option name="x" value="70" />
    <option name="y" value="-9" />
    <option name="width" value="1859" />
    <option name="height" value="1098" />
  </component>
  <component name="ProjectLevelVcsManager" settingsEditedManually="false">
    <OptionsSetting value="true" id="添加" />
    <OptionsSetting value="true" id="移除" />
    <OptionsSetting value="true" id="签出" />
    <OptionsSetting value="true" id="更新" />
    <OptionsSetting value="true" id="状态" />
    <OptionsSetting value="true" id="编辑" />
    <ConfirmationsSetting value="0" id="添加" />
    <ConfirmationsSetting value="0" id="移除" />
  </component>
  <component name="PropertiesComponent">
    <property name="WebServerToolWindowFactoryState" value="false" />
    <property name="last_opened_file_path" value="$PROJECT_DIR$/.idea" />
  </component>
  <component name="ShelveChangesManager" show_recycled="false" />
  <component name="SvnConfiguration">
    <configuration />
  </component>
  <component name="TaskManager">
    <task active="true" id="Default" summary="Default task">
      <changelist id="a3bf748f-bc19-488f-9a4b-5cac4af14c5b" name="默认的" comment="" />
      <created>1649916023460</created>
      <option name="number" value="Default" />
      <updated>1649916023460</updated>
    </task>
    <servers />
  </component>
  <component name="ToolWindowManager">
    <frame x="70" y="-9" width="1859" height="1098" extended-state="6" />
    <editor active="false" />
    <layout>
      <window_info id="Project" active="false" anchor="left" auto_hide="false" internal_type="DOCKED" type="DOCKED" visible="false" show_stripe_button="true" weight="0.25" sideWeight="0.5" order="0" side_tool="false" content_ui="combo" />
      <window_info id="TODO" active="false" anchor="bottom" auto_hide="false" internal_type="DOCKED" type="DOCKED" visible="false" show_stripe_button="true" weight="0.33" sideWeight="0.5" order="6" side_tool="false" content_ui="tabs" />
      <window_info id="版本控制" active="false" anchor="bottom" auto_hide="false" internal_type="DOCKED" type="DOCKED" visible="false" show_stripe_button="true" weight="0.33" sideWeight="0.5" order="7" side_tool="false" content_ui="tabs" />
      <window_info id="Event Log" active="false" anchor="bottom" auto_hide="false" internal_type="DOCKED" type="DOCKED" visible="false" show_stripe_button="true" weight="0.33" sideWeight="0.5" order="7" side_tool="true" content_ui="tabs" />
      <window_info id="Database" active="false" anchor="right" auto_hide="false" internal_type="DOCKED" type="DOCKED" visible="false" show_stripe_button="true" weight="0.33" sideWeight="0.5" order="3" side_tool="false" content_ui="tabs" />
      <window_info id="Python Console" active="false" anchor="bottom" auto_hide="false" internal_type="DOCKED" type="DOCKED" visible="false" show_stripe_button="true" weight="0.33" sideWeight="0.5" order="7" side_tool="false" content_ui="tabs" />
      <window_info id="Structure" active="false" anchor="left" auto_hide="false" internal_type="DOCKED" type="DOCKED" visible="false" show_stripe_button="true" weight="0.25" sideWeight="0.5" order="1" side_tool="false" content_ui="tabs" />
      <window_info id="Terminal" active="false" anchor="bottom" auto_hide="false" internal_type="DOCKED" type="DOCKED" visible="false" show_stripe_button="true" weight="0.33" sideWeight="0.5" order="7" side_tool="false" content_ui="tabs" />
      <window_info id="Favorites" active="false" anchor="left" auto_hide="false" internal_type="DOCKED" type="DOCKED" visible="false" show_stripe_button="true" weight="0.33" sideWeight="0.5" order="2" side_tool="true" content_ui="tabs" />
      <window_info id="Cvs" active="false" anchor="bottom" auto_hide="false" internal_type="DOCKED" type="DOCKED" visible="false" show_stripe_button="true" weight="0.25" sideWeight="0.5" order="4" side_tool="false" content_ui="tabs" />
      <window_info id="Message" active="false" anchor="bottom" auto_hide="false" internal_type="DOCKED" type="DOCKED" visible="false" show_stripe_button="true" weight="0.33" sideWeight="0.5" order="0" side_tool="false" content_ui="tabs" />
      <window_info id="Commander" active="false" anchor="right" auto_hide="false" internal_type="DOCKED" type="DOCKED" visible="false" show_stripe_button="true" weight="0.4" sideWeight="0.5" order="0" side_tool="false" content_ui="tabs" />
      <window_info id="Inspection" active="false" anchor="bottom" auto_hide="false" internal_type="DOCKED" type="DOCKED" visible="false" show_stripe_button="true" weight="0.4" sideWeight="0.5" order="5" side_tool="false" content_ui="tabs" />
      <window_info id="Run" active="false" anchor="bottom" auto_hide="false" internal_type="DOCKED" type="DOCKED" visible="false" show_stripe_button="true" weight="0.33" sideWeight="0.5" order="2" side_tool="false" content_ui="tabs" />
      <window_info id="Hierarchy" active="false" anchor="right" auto_hide="false" internal_type="DOCKED" type="DOCKED" visible="false" show_stripe_button="true" weight="0.25" sideWeight="0.5" order="2" side_tool="false" content_ui="combo" />
      <window_info id="Find" active="false" anchor="bottom" auto_hide="false" internal_type="DOCKED" type="DOCKED" visible="false" show_stripe_button="true" weight="0.33" sideWeight="0.5" order="1" side_tool="false" content_ui="tabs" />
      <window_info id="Ant Build" active="false" anchor="right" auto_hide="false" internal_type="DOCKED" type="DOCKED" visible="false" show_stripe_button="true" weight="0.25" sideWeight="0.5" order="1" side_tool="false" content_ui="tabs" />
      <window_info id="Debug" active="false" anchor="bottom" auto_hide="false" internal_type="DOCKED" type="DOCKED" visible="false" show_stripe_button="true" weight="0.4" sideWeight="0.5" order="3" side_tool="false" content_ui="tabs" />
    </layout>
  </component>
  <component name="Vcs.Log.UiProperties">
    <option name="RECENTLY_FILTERED_USER_GROUPS">
      <collection />
    </option>
    <option name="RECENTLY_FILTERED_BRANCH_GROUPS">
      <collection />
    </option>
  </component>
  <component name="VcsContentAnnotationSettings">
    <option name="myLimit" value="2678400000" />
  </component>
  <component name="XDebuggerManager">
    <breakpoint-manager />
    <watches-manager />
  </component>
</project>